DATAFLOW;BBK_STD_FREQ;BBK_STD_CURRENCY;BBK_ERX_PARTNER_CURRENCY;BBK_ERX_SERIES_TYPE;BBK_ERX_RATE_TYPE;BBK_ERX_SUFFIX;TIME_PERIOD;OBS_VALUE;TIME_FORMAT;BBK_DECIMALS;BBK_ID;BBK_UNIT;BBK_UNIT_MULT;BBK_TITLE;WEB_CATEGORY;BBK_COMM_GEN;BBK_COMM_METH;BBK_COMM_SRC;BBK_COMM_OBS;BBK_DIFF_Y
BBK:BBEX3(1.0);A;XAU;DEM;EA;AC;C03;1968;5106.33;P1Y;2;BBEX3.A.XAU.DEM.EA.AC.C03;DEM;0;Goldpreis in Frankfurt am Main / Fixing der Frankfurter Wertpapierbörse / 1 kg Feingold = ... DM / bis 1998;WEDE;Für Kilogramm-Goldbarren mit einem Feingehalt von 999,9/1000. Erstmalige Notierung am 18. Juni 1968.;Die Durchschnitte wurden aus täglichen Notierungen errechnet.;Frankfurter Wertpapierbörse;Durchschnitt vom 18. Juni bis 31. Dezember 1968.;
BBK:BBEX3(1.0);A;XAU;DEM;EA;AC;C03;1969;5048.00;P1Y;2;BBEX3.A.XAU.DEM.EA.AC.C03;DEM;0;Goldpreis in Frankfurt am Main / Fixing der Frankfurter Wertpapierbörse / 1 kg Feingold = ... DM / bis 1998;WEDE;Für Kilogramm-Goldbarren mit einem Feingehalt von 999,9/1000. Erstmalige Notierung am 18. Juni 1968.;Die Durchschnitte wurden aus täglichen Notierungen errechnet.;Frankfurter Wertpapierbörse;;-1.1
BBK:BBEX3(1.0);A;XAU;DEM;EA;AC;C03;1970;4232.37;P1Y;2;BBEX3.A.XAU.DEM.EA.AC.C03;DEM;0;Goldpreis in Frankfurt am Main / Fixing der Frankfurter Wertpapierbörse / 1 kg Feingold = ... DM / bis 1998;WEDE;Für Kilogramm-Goldbarren mit einem Feingehalt von 999,9/1000. Erstmalige Notierung am 18. Juni 1968.;Die Durchschnitte wurden aus täglichen Notierungen errechnet.;Frankfurter Wertpapierbörse;;-16.2
BBK:BBEX3(1.0);A;XAU;DEM;EA;AC;C03;1971;4576.02;P1Y;2;BBEX3.A.XAU.DEM.EA.AC.C03;DEM;0;Goldpreis in Frankfurt am Main / Fixing der Frankfurter Wertpapierbörse / 1 kg Feingold = ... DM / bis 1998;WEDE;Für Kilogramm-Goldbarren mit einem Feingehalt von 999,9/1000. Erstmalige Notierung am 18. Juni 1968.;Die Durchschnitte wurden aus täglichen Notierungen errechnet.;Frankfurter Wertpapierbörse;;8.1
BBK:BBEX3(1.0);A;XAU;DEM;EA;AC;C03;1972;5980.68;P1Y;2;BBEX3.A.XAU.DEM.EA.AC.C03;DEM;0;Goldpreis in Frankfurt am Main / Fixing der Frankfurter Wertpapierbörse / 1 kg Feingold = ... DM / bis 1998;WEDE;Für Kilogramm-Goldbarren mit einem Feingehalt von 999,9/1000. Erstmalige Notierung am 18. Juni 1968.;Die Durchschnitte wurden aus täglichen Notierungen errechnet.;Frankfurter Wertpapierbörse;;30.7
BBK:BBEX3(1.0);A;XAU;DEM;EA;AC;C03;1973;8291.07;P1Y;2;BBEX3.A.XAU.DEM.EA.AC.C03;DEM;0;Goldpreis in Frankfurt am Main / Fixing der Frankfurter Wertpapierbörse / 1 kg Feingold = ... DM / bis 1998;WEDE;Für Kilogramm-Goldbarren mit einem Feingehalt von 999,9/1000. Erstmalige Notierung am 18. Juni 1968.;Die Durchschnitte wurden aus täglichen Notierungen errechnet.;Frankfurter Wertpapierbörse;;38.6
BBK:BBEX3(1.0);A;XAU;DEM;EA;AC;C03;1974;13237.14;P1Y;2;BBEX3.A.XAU.DEM.EA.AC.C03;DEM;0;Goldpreis in Frankfurt am Main / Fixing der Frankfurter Wertpapierbörse / 1 kg Feingold = ... DM / bis 1998;WEDE;Für Kilogramm-Goldbarren mit einem Feingehalt von 999,9/1000. Erstmalige Notierung am 18. Juni 1968.;Die Durchschnitte wurden aus täglichen Notierungen errechnet.;Frankfurter Wertpapierbörse;;59.7
BBK:BBEX3(1.0);A;XAU;DEM;EA;AC;C03;1975;12747.53;P1Y;2;BBEX3.A.XAU.DEM.EA.AC.C03;DEM;0;Goldpreis in Frankfurt am Main / Fixing der Frankfurter Wertpapierbörse / 1 kg Feingold = ... DM / bis 1998;WEDE;Für Kilogramm-Goldbarren mit einem Feingehalt von 999,9/1000. Erstmalige Notierung am 18. Juni 1968.;Die Durchschnitte wurden aus täglichen Notierungen errechnet.;Frankfurter Wertpapierbörse;;-3.7
BBK:BBEX3(1.0);A;XAU;DEM;EA;AC;C03;1976;10147.58;P1Y;2;BBEX3.A.XAU.DEM.EA.AC.C03;DEM;0;Goldpreis in Frankfurt am Main / Fixing der Frankfurter Wertpapierbörse / 1 kg Feingold = ... DM / bis 1998;WEDE;Für Kilogramm-Goldbarren mit einem Feingehalt von 999,9/1000. Erstmalige Notierung am 18. Juni 1968.;Die Durchschnitte wurden aus täglichen Notierungen errechnet.;Frankfurter Wertpapierbörse;;-20.4
BBK:BBEX3(1.0);A;XAU;DEM;EA;AC;C03;1977;11070.54;P1Y;2;BBEX3.A.XAU.DEM.EA.AC.C03;DEM;0;Goldpreis in Frankfurt am Main / Fixing der Frankfurter Wertpapierbörse / 1 kg Feingold = ... DM / bis 1998;WEDE;Für Kilogramm-Goldbarren mit einem Feingehalt von 999,9/1000. Erstmalige Notierung am 18. Juni 1968.;Die Durchschnitte wurden aus täglichen Notierungen errechnet.;Frankfurter Wertpapierbörse;;9.1
BBK:BBEX3(1.0);A;XAU;DEM;EA;AC;C03;1978;12486.08;P1Y;2;BBEX3.A.XAU.DEM.EA.AC.C03;DEM;0;Goldpreis in Frankfurt am Main / Fixing der Frankfurter Wertpapierbörse / 1 kg Feingold = ... DM / bis 1998;WEDE;Für Kilogramm-Goldbarren mit einem Feingehalt von 999,9/1000. Erstmalige Notierung am 18. Juni 1968.;Die Durchschnitte wurden aus täglichen Notierungen errechnet.;Frankfurter Wertpapierbörse;;12.8
BBK:BBEX3(1.0);A;XAU;DEM;EA;AC;C03;1979;17975.63;P1Y;2;BBEX3.A.XAU.DEM.EA.AC.C03;DEM;0;Goldpreis in Frankfurt am Main / Fixing der Frankfurter Wertpapierbörse / 1 kg Feingold = ... DM / bis 1998;WEDE;Für Kilogramm-Goldbarren mit einem Feingehalt von 999,9/1000. Erstmalige Notierung am 18. Juni 1968.;Die Durchschnitte wurden aus täglichen Notierungen errechnet.;Frankfurter Wertpapierbörse;;44.0
BBK:BBEX3(1.0);A;XAU;DEM;EA;AC;C03;1980;35930.48;P1Y;2;BBEX3.A.XAU.DEM.EA.AC.C03;DEM;0;Goldpreis in Frankfurt am Main / Fixing der Frankfurter Wertpapierbörse / 1 kg Feingold = ... DM / bis 1998;WEDE;Für Kilogramm-Goldbarren mit einem Feingehalt von 999,9/1000. Erstmalige Notierung am 18. Juni 1968.;Die Durchschnitte wurden aus täglichen Notierungen errechnet.;Frankfurter Wertpapierbörse;;99.9
BBK:BBEX3(1.0);A;XAU;DEM;EA;AC;C03;1981;33356.11;P1Y;2;BBEX3.A.XAU.DEM.EA.AC.C03;DEM;0;Goldpreis in Frankfurt am Main / Fixing der Frankfurter Wertpapierbörse / 1 kg Feingold = ... DM / bis 1998;WEDE;Für Kilogramm-Goldbarren mit einem Feingehalt von 999,9/1000. Erstmalige Notierung am 18. Juni 1968.;Die Durchschnitte wurden aus täglichen Notierungen errechnet.;Frankfurter Wertpapierbörse;;-7.2
BBK:BBEX3(1.0);A;XAU;DEM;EA;AC;C03;1982;29561.23;P1Y;2;BBEX3.A.XAU.DEM.EA.AC.C03;DEM;0;Goldpreis in Frankfurt am Main / Fixing der Frankfurter Wertpapierbörse / 1 kg Feingold = ... DM / bis 1998;WEDE;Für Kilogramm-Goldbarren mit einem Feingehalt von 999,9/1000. Erstmalige Notierung am 18. Juni 1968.;Die Durchschnitte wurden aus täglichen Notierungen errechnet.;Frankfurter Wertpapierbörse;;-11.4
BBK:BBEX3(1.0);A;XAU;DEM;EA;AC;C03;1983;34840.10;P1Y;2;BBEX3.A.XAU.DEM.EA.AC.C03;DEM;0;Goldpreis in Frankfurt am Main / Fixing der Frankfurter Wertpapierbörse / 1 kg Feingold = ... DM / bis 1998;WEDE;Für Kilogramm-Goldbarren mit einem Feingehalt von 999,9/1000. Erstmalige Notierung am 18. Juni 1968.;Die Durchschnitte wurden aus täglichen Notierungen errechnet.;Frankfurter Wertpapierbörse;;17.9
BBK:BBEX3(1.0);A;XAU;DEM;EA;AC;C03;1984;32981.06;P1Y;2;BBEX3.A.XAU.DEM.EA.AC.C03;DEM;0;Goldpreis in Frankfurt am Main / Fixing der Frankfurter Wertpapierbörse / 1 kg Feingold = ... DM / bis 1998;WEDE;Für Kilogramm-Goldbarren mit einem Feingehalt von 999,9/1000. Erstmalige Notierung am 18. Juni 1968.;Die Durchschnitte wurden aus täglichen Notierungen errechnet.;Frankfurter Wertpapierbörse;;-5.3
BBK:BBEX3(1.0);A;XAU;DEM;EA;AC;C03;1985;29992.00;P1Y;2;BBEX3.A.XAU.DEM.EA.AC.C03;DEM;0;Goldpreis in Frankfurt am Main / Fixing der Frankfurter Wertpapierbörse / 1 kg Feingold = ... DM / bis 1998;WEDE;Für Kilogramm-Goldbarren mit einem Feingehalt von 999,9/1000. Erstmalige Notierung am 18. Juni 1968.;Die Durchschnitte wurden aus täglichen Notierungen errechnet.;Frankfurter Wertpapierbörse;;-9.1
BBK:BBEX3(1.0);A;XAU;DEM;EA;AC;C03;1986;25627.78;P1Y;2;BBEX3.A.XAU.DEM.EA.AC.C03;DEM;0;Goldpreis in Frankfurt am Main / Fixing der Frankfurter Wertpapierbörse / 1 kg Feingold = ... DM / bis 1998;WEDE;Für Kilogramm-Goldbarren mit einem Feingehalt von 999,9/1000. Erstmalige Notierung am 18. Juni 1968.;Die Durchschnitte wurden aus täglichen Notierungen errechnet.;Frankfurter Wertpapierbörse;;-14.6
BBK:BBEX3(1.0);A;XAU;DEM;EA;AC;C03;1987;25831.54;P1Y;2;BBEX3.A.XAU.DEM.EA.AC.C03;DEM;0;Goldpreis in Frankfurt am Main / Fixing der Frankfurter Wertpapierbörse / 1 kg Feingold = ... DM / bis 1998;WEDE;Für Kilogramm-Goldbarren mit einem Feingehalt von 999,9/1000. Erstmalige Notierung am 18. Juni 1968.;Die Durchschnitte wurden aus täglichen Notierungen errechnet.;Frankfurter Wertpapierbörse;;0.8
BBK:BBEX3(1.0);A;XAU;DEM;EA;AC;C03;1988;24686.07;P1Y;2;BBEX3.A.XAU.DEM.EA.AC.C03;DEM;0;Goldpreis in Frankfurt am Main / Fixing der Frankfurter Wertpapierbörse / 1 kg Feingold = ... DM / bis 1998;WEDE;Für Kilogramm-Goldbarren mit einem Feingehalt von 999,9/1000. Erstmalige Notierung am 18. Juni 1968.;Die Durchschnitte wurden aus täglichen Notierungen errechnet.;Frankfurter Wertpapierbörse;;-4.4
BBK:BBEX3(1.0);A;XAU;DEM;EA;AC;C03;1989;23063.43;P1Y;2;BBEX3.A.XAU.DEM.EA.AC.C03;DEM;0;Goldpreis in Frankfurt am Main / Fixing der Frankfurter Wertpapierbörse / 1 kg Feingold = ... DM / bis 1998;WEDE;Für Kilogramm-Goldbarren mit einem Feingehalt von 999,9/1000. Erstmalige Notierung am 18. Juni 1968.;Die Durchschnitte wurden aus täglichen Notierungen errechnet.;Frankfurter Wertpapierbörse;;-6.6
BBK:BBEX3(1.0);A;XAU;DEM;EA;AC;C03;1990;19987.53;P1Y;2;BBEX3.A.XAU.DEM.EA.AC.C03;DEM;0;Goldpreis in Frankfurt am Main / Fixing der Frankfurter Wertpapierbörse / 1 kg Feingold = ... DM / bis 1998;WEDE;Für Kilogramm-Goldbarren mit einem Feingehalt von 999,9/1000. Erstmalige Notierung am 18. Juni 1968.;Die Durchschnitte wurden aus täglichen Notierungen errechnet.;Frankfurter Wertpapierbörse;;-13.3
BBK:BBEX3(1.0);A;XAU;DEM;EA;AC;C03;1991;19366.00;P1Y;2;BBEX3.A.XAU.DEM.EA.AC.C03;DEM;0;Goldpreis in Frankfurt am Main / Fixing der Frankfurter Wertpapierbörse / 1 kg Feingold = ... DM / bis 1998;WEDE;Für Kilogramm-Goldbarren mit einem Feingehalt von 999,9/1000. Erstmalige Notierung am 18. Juni 1968.;Die Durchschnitte wurden aus täglichen Notierungen errechnet.;Frankfurter Wertpapierbörse;;-3.1
BBK:BBEX3(1.0);A;XAU;DEM;EA;AC;C03;1992;17261.06;P1Y;2;BBEX3.A.XAU.DEM.EA.AC.C03;DEM;0;Goldpreis in Frankfurt am Main / Fixing der Frankfurter Wertpapierbörse / 1 kg Feingold = ... DM / bis 1998;WEDE;Für Kilogramm-Goldbarren mit einem Feingehalt von 999,9/1000. Erstmalige Notierung am 18. Juni 1968.;Die Durchschnitte wurden aus täglichen Notierungen errechnet.;Frankfurter Wertpapierbörse;;-10.9
BBK:BBEX3(1.0);A;XAU;DEM;EA;AC;C03;1993;19186.05;P1Y;2;BBEX3.A.XAU.DEM.EA.AC.C03;DEM;0;Goldpreis in Frankfurt am Main / Fixing der Frankfurter Wertpapierbörse / 1 kg Feingold = ... DM / bis 1998;WEDE;Für Kilogramm-Goldbarren mit einem Feingehalt von 999,9/1000. Erstmalige Notierung am 18. Juni 1968.;Die Durchschnitte wurden aus täglichen Notierungen errechnet.;Frankfurter Wertpapierbörse;;11.2
BBK:BBEX3(1.0);A;XAU;DEM;EA;AC;C03;1994;20043.65;P1Y;2;BBEX3.A.XAU.DEM.EA.AC.C03;DEM;0;Goldpreis in Frankfurt am Main / Fixing der Frankfurter Wertpapierbörse / 1 kg Feingold = ... DM / bis 1998;WEDE;Für Kilogramm-Goldbarren mit einem Feingehalt von 999,9/1000. Erstmalige Notierung am 18. Juni 1968.;Die Durchschnitte wurden aus täglichen Notierungen errechnet.;Frankfurter Wertpapierbörse;;4.5
BBK:BBEX3(1.0);A;XAU;DEM;EA;AC;C03;1995;17707.51;P1Y;2;BBEX3.A.XAU.DEM.EA.AC.C03;DEM;0;Goldpreis in Frankfurt am Main / Fixing der Frankfurter Wertpapierbörse / 1 kg Feingold = ... DM / bis 1998;WEDE;Für Kilogramm-Goldbarren mit einem Feingehalt von 999,9/1000. Erstmalige Notierung am 18. Juni 1968.;Die Durchschnitte wurden aus täglichen Notierungen errechnet.;Frankfurter Wertpapierbörse;;-11.7
BBK:BBEX3(1.0);A;XAU;DEM;EA;AC;C03;1996;18756.04;P1Y;2;BBEX3.A.XAU.DEM.EA.AC.C03;DEM;0;Goldpreis in Frankfurt am Main / Fixing der Frankfurter Wertpapierbörse / 1 kg Feingold = ... DM / bis 1998;WEDE;Für Kilogramm-Goldbarren mit einem Feingehalt von 999,9/1000. Erstmalige Notierung am 18. Juni 1968.;Die Durchschnitte wurden aus täglichen Notierungen errechnet.;Frankfurter Wertpapierbörse;;5.9
BBK:BBEX3(1.0);A;XAU;DEM;EA;AC;C03;1997;18480.28;P1Y;2;BBEX3.A.XAU.DEM.EA.AC.C03;DEM;0;Goldpreis in Frankfurt am Main / Fixing der Frankfurter Wertpapierbörse / 1 kg Feingold = ... DM / bis 1998;WEDE;Für Kilogramm-Goldbarren mit einem Feingehalt von 999,9/1000. Erstmalige Notierung am 18. Juni 1968.;Die Durchschnitte wurden aus täglichen Notierungen errechnet.;Frankfurter Wertpapierbörse;;-1.5
BBK:BBEX3(1.0);A;XAU;DEM;EA;AC;C03;1998;16701.93;P1Y;2;BBEX3.A.XAU.DEM.EA.AC.C03;DEM;0;Goldpreis in Frankfurt am Main / Fixing der Frankfurter Wertpapierbörse / 1 kg Feingold = ... DM / bis 1998;WEDE;Für Kilogramm-Goldbarren mit einem Feingehalt von 999,9/1000. Erstmalige Notierung am 18. Juni 1968.;Die Durchschnitte wurden aus täglichen Notierungen errechnet.;Frankfurter Wertpapierbörse;;-9.6

